{
  "accuracy": 0.6629711751662971,
  "total_samples": 451,
  "macro_precision": 0.15865595654339842,
  "macro_recall": 0.14736697544995664,
  "macro_f1": 0.13995314431359313,
  "auc_ovr_macro": 0.8101740341391708,
  "auc_ovr_weighted": 0.885671355594462,
  "binary_accuracy": 0.6254980079681275,
  "binary_samples": 251,
  "binary_precision": 0.6267323585505404,
  "binary_recall": 0.6270230661399261,
  "binary_f1": 0.6254445008890017,
  "binary_auc": 0.6712119281253982,
  "per_class_auc": {
    "<unk>": 0.9359570412385513,
    "no": 0.8779968789899277,
    "yes": 0.8570999248685199,
    "axial": 0.9739939255884587,
    "right": 0.9932584269662921,
    "pa": 0.9977777777777777,
    "left": 0.9539325842696629,
    "brain": 0.8192825112107622,
    "ct": 0.8869047619047619,
    "flair": 0.8555555555555555,
    "right side": 0.8311011904761905,
    "bilateral": 0.5955555555555555,
    "x-ray": 0.6666666666666666,
    "mri": 0.7136465324384789,
    "lateral ventricles": 0.8273942093541203,
    "one": 0.671875,
    "fat": 0.6959910913140313,
    "4th ventricle": 0.6888888888888889,
    "chest": 0.6044444444444443,
    "the liver": 0.8666666666666666,
    "right frontal lobe": 0.9622222222222221,
    "female": 0.5788590604026846,
    "ribs": 0.5879732739420936
  },
  "by_question_type": {
    "open-ended": {
      "accuracy": 0.7208121827411168,
      "samples": "197"
    },
    "binary": {
      "accuracy": 0.6181102362204725,
      "samples": "254"
    }
  },
  "top_3_accuracy": 0.8980044345898004,
  "top_5_accuracy": 0.9046563192904656,
  "top_10_accuracy": 0.9068736141906873,
  "head_usage": {
    "binary": 251,
    "open_ended": 200,
    "binary_pct": 55.654101995565405,
    "open_ended_pct": 44.345898004434595
  }
}