{
  "accuracy": 0.6940133037694013,
  "total_samples": 451,
  "macro_precision": 0.30450284970055297,
  "macro_recall": 0.23932188179926803,
  "macro_f1": 0.24892663307106935,
  "auc_ovr_macro": 0.9221012657562716,
  "auc_ovr_weighted": 0.8968414581567653,
  "binary_accuracy": 0.6573705179282868,
  "binary_samples": 251,
  "binary_precision": 0.6730820725666087,
  "binary_recall": 0.6647444883394928,
  "binary_f1": 0.654955242966752,
  "binary_auc": 0.6469351344462853,
  "per_class_auc": {
    "<unk>": 0.9498581988934864,
    "no": 0.86898850900837,
    "yes": 0.8431254695717506,
    "axial": 0.968299164768413,
    "right": 0.997003745318352,
    "pa": 0.9822222222222221,
    "left": 0.9722846441947566,
    "brain": 0.9905829596412555,
    "ct": 0.9754464285714286,
    "flair": 1.0,
    "right side": 0.8534226190476191,
    "bilateral": 0.9955555555555555,
    "x-ray": 1.0,
    "mri": 0.9049217002237138,
    "lateral ventricles": 0.9766146993318486,
    "one": 0.7805059523809524,
    "fat": 0.8530066815144767,
    "4th ventricle": 1.0,
    "chest": 0.9644444444444444,
    "the liver": 0.6066666666666667,
    "right frontal lobe": 0.9777777777777777,
    "female": 0.9921700223713648,
    "ribs": 0.9922048997772829
  },
  "by_question_type": {
    "open-ended": {
      "accuracy": 0.751269035532995,
      "samples": "197"
    },
    "binary": {
      "accuracy": 0.6496062992125984,
      "samples": "254"
    }
  },
  "top_3_accuracy": 0.9334811529933481,
  "top_5_accuracy": 0.9490022172949002,
  "top_10_accuracy": 0.9600886917960089,
  "head_usage": {
    "binary": 251,
    "open_ended": 200,
    "binary_pct": 55.654101995565405,
    "open_ended_pct": 44.345898004434595
  }
}