{
  "checkpoint_path": "checkpoints/lightweight/best_model.pt",
  "architecture": "dual_head",
  "model_type": "lightweight",
  "device": "mps",
  "timestamp": "20251221_132546",
  "config": {
    "num_open_ended_classes": 121,
    "fusion_hidden_dim": 512,
    "num_attention_heads": 8,
    "dropout": 0.35,
    "focal_gamma": 2.0,
    "label_smoothing": 0.05,
    "weight_decay": 0.01,
    "binary_loss_weight": 1.0,
    "open_ended_loss_weight": 1.0
  },
  "validation": {
    "binary": {
      "accuracy": 0.7074468085106383,
      "samples": 188,
      "precision": 0.6923076923076923,
      "recall": 0.7578947368421053,
      "f1": 0.7236180904522613
    },
    "open_ended": {
      "accuracy": 0.7543859649122807,
      "samples": 171,
      "macro_precision": 0.263144523707904,
      "macro_recall": 0.2967065614124437,
      "macro_f1": 0.27293625914315567,
      "by_type": {
        "open-ended": {
          "accuracy": 0.7543859649122807,
          "samples": 171
        }
      }
    },
    "overall": {
      "accuracy": 0.7298050139275766,
      "total_samples": 359
    }
  },
  "test": {
    "binary": {
      "accuracy": 0.6573705179282868,
      "samples": 251,
      "precision": 0.6038961038961039,
      "recall": 0.788135593220339,
      "f1": 0.6838235294117647
    },
    "open_ended": {
      "accuracy": 0.74,
      "samples": 200,
      "macro_precision": 0.26858349468563353,
      "macro_recall": 0.2024037251447269,
      "macro_f1": 0.21259822066367948,
      "by_type": {
        "binary": {
          "accuracy": 0.0,
          "samples": 3
        },
        "open-ended": {
          "accuracy": 0.751269035532995,
          "samples": 197
        }
      }
    },
    "overall": {
      "accuracy": 0.6940133037694013,
      "total_samples": 451
    }
  }
}