{
  "lightweight": {
    "model_name": "Lightweight Model (MobileNetV3-Small + DistilBERT)",
    "device": "mps",
    "num_runs": 100,
    "mean_ms": 15.751279639880522,
    "std_ms": 7.325977377249387,
    "median_ms": 13.971979500638554,
    "min_ms": 11.599500001466367,
    "max_ms": 79.02525000099558,
    "p95_ms": 19.22669795276306,
    "p99_ms": 39.39534407945778,
    "num_parameters": 70656987
  },
  "baseline": {
    "model_name": "Baseline Model (ResNet-34 + BERT-base)",
    "device": "mps",
    "num_runs": 100,
    "mean_ms": 16.357486229608185,
    "std_ms": 0.42897369775797056,
    "median_ms": 16.21441699899151,
    "min_ms": 15.890167000179645,
    "max_ms": 18.199040998297278,
    "p95_ms": 17.215316349756904,
    "p99_ms": 17.809930406219795,
    "num_parameters": 134117947
  }
}